{
    "rmse": 0.6574105889051821,
    "mae": 0.5285842995946151,
    "r2": 0.3386613506143695
}